Time (days),N_dat (Nutrient concentration in g C m^-3),P_dat (Phytoplankton concentration in g C m^-3),Z_dat (Zooplankton concentration in g C m^-3)
0.0,0.4,0.1,0.05
0.503,0.375,0.117,0.052
1.005,0.346,0.138,0.053
1.508,0.314,0.161,0.055
2.01,0.278,0.187,0.057
2.513,0.239,0.215,0.059
3.015,0.197,0.245,0.061
3.518,0.155,0.275,0.064
4.02,0.114,0.303,0.066
4.523,0.076,0.327,0.068
5.025,0.048,0.341,0.071
5.528,0.031,0.344,0.074
6.03,0.023,0.336,0.076
6.533,0.021,0.324,0.079
7.035,0.021,0.31,0.082
7.538,0.021,0.295,0.085
8.04,0.022,0.28,0.088
8.543,0.023,0.266,0.092
9.045,0.024,0.251,0.095
9.548,0.025,0.236,0.099
10.05,0.026,0.22,0.102
10.553,0.028,0.205,0.106
11.055,0.03,0.19,0.11
11.558,0.032,0.174,0.114
12.06,0.035,0.157,0.118
12.563,0.038,0.141,0.122
13.065,0.043,0.123,0.126
13.568,0.048,0.106,0.13
14.07,0.055,0.087,0.134
14.573,0.064,0.068,0.137
15.075,0.075,0.05,0.139
15.578,0.086,0.036,0.14
16.08,0.098,0.025,0.14
16.583,0.11,0.02,0.137
17.085,0.122,0.016,0.134
17.588,0.133,0.014,0.131
18.09,0.144,0.013,0.127
18.593,0.154,0.013,0.124
19.095,0.165,0.013,0.12
19.598,0.174,0.013,0.117
20.101,0.184,0.013,0.113
20.603,0.193,0.013,0.11
21.106,0.201,0.013,0.107
21.608,0.21,0.014,0.104
22.111,0.217,0.014,0.101
22.613,0.225,0.014,0.099
23.116,0.232,0.015,0.096
23.618,0.238,0.016,0.094
24.121,0.245,0.016,0.091
24.623,0.251,0.017,0.089
25.126,0.256,0.017,0.087
25.628,0.261,0.018,0.085
26.131,0.266,0.019,0.083
26.633,0.27,0.02,0.082
27.136,0.274,0.02,0.08
27.638,0.278,0.021,0.079
28.141,0.281,0.022,0.078
28.643,0.284,0.023,0.076
29.146,0.287,0.024,0.075
29.648,0.289,0.025,0.074
30.151,0.291,0.026,0.073
30.653,0.293,0.027,0.073
31.156,0.295,0.027,0.072
31.658,0.296,0.029,0.071
32.161,0.296,0.03,0.071
32.663,0.297,0.031,0.07
33.166,0.297,0.032,0.07
33.668,0.297,0.033,0.07
34.171,0.297,0.034,0.07
34.673,0.296,0.035,0.07
35.176,0.295,0.036,0.07
35.678,0.294,0.037,0.07
36.181,0.293,0.038,0.07
36.683,0.292,0.039,0.07
37.186,0.29,0.04,0.071
37.688,0.288,0.041,0.071
38.191,0.286,0.042,0.071
38.693,0.284,0.043,0.072
39.196,0.282,0.044,0.072
39.698,0.279,0.044,0.073
40.201,0.277,0.045,0.074
40.704,0.275,0.045,0.074
41.206,0.272,0.046,0.075
41.709,0.27,0.046,0.076
42.211,0.268,0.046,0.077
42.714,0.266,0.046,0.077
43.216,0.264,0.046,0.078
43.719,0.262,0.045,0.079
44.221,0.261,0.045,0.08
44.724,0.26,0.044,0.08
45.226,0.259,0.043,0.081
45.729,0.258,0.042,0.082
46.231,0.258,0.041,0.082
46.734,0.258,0.04,0.083
47.236,0.259,0.038,0.083
47.739,0.259,0.037,0.083
48.241,0.26,0.036,0.083
48.744,0.261,0.035,0.083
49.246,0.263,0.033,0.083
49.749,0.265,0.032,0.083
50.251,0.266,0.031,0.083
50.754,0.268,0.031,0.082
51.256,0.27,0.03,0.082
51.759,0.272,0.029,0.082
52.261,0.274,0.029,0.081
52.764,0.276,0.029,0.08
53.266,0.278,0.029,0.08
53.769,0.28,0.029,0.079
54.271,0.282,0.029,0.079
54.774,0.284,0.029,0.078
55.276,0.285,0.029,0.078
55.779,0.287,0.029,0.077
56.281,0.288,0.029,0.076
56.784,0.289,0.03,0.076
57.286,0.29,0.03,0.076
57.789,0.291,0.03,0.075
58.291,0.292,0.031,0.075
58.794,0.293,0.031,0.074
59.296,0.293,0.032,0.074
59.799,0.294,0.032,0.074
60.302,0.294,0.033,0.074
60.804,0.294,0.033,0.074
61.307,0.294,0.034,0.073
61.809,0.294,0.034,0.073
62.312,0.293,0.035,0.073
62.814,0.293,0.035,0.073
63.317,0.292,0.036,0.073
63.819,0.292,0.036,0.073
64.322,0.291,0.037,0.074
64.824,0.29,0.037,0.074
65.327,0.289,0.038,0.074
65.829,0.288,0.038,0.074
66.332,0.287,0.038,0.074
66.834,0.286,0.039,0.075
67.337,0.285,0.039,0.075
67.839,0.284,0.039,0.075
68.342,0.283,0.039,0.076
68.844,0.282,0.039,0.076
69.347,0.281,0.039,0.076
69.849,0.281,0.039,0.077
70.352,0.28,0.039,0.077
70.854,0.279,0.039,0.077
71.357,0.278,0.039,0.077
71.859,0.278,0.038,0.078
72.362,0.278,0.038,0.078
72.864,0.277,0.038,0.078
73.367,0.277,0.037,0.078
73.869,0.277,0.037,0.079
74.372,0.277,0.036,0.079
74.874,0.277,0.036,0.079
75.377,0.277,0.036,0.079
75.879,0.278,0.035,0.079
76.382,0.278,0.035,0.079
76.884,0.279,0.034,0.079
77.387,0.279,0.034,0.079
77.889,0.28,0.034,0.079
78.392,0.281,0.033,0.079
78.894,0.281,0.033,0.079
79.397,0.282,0.033,0.078
79.899,0.283,0.032,0.078
80.402,0.284,0.032,0.078
80.905,0.285,0.032,0.078
81.407,0.285,0.032,0.078
81.91,0.286,0.032,0.077
82.412,0.287,0.032,0.077
82.915,0.288,0.032,0.077
83.417,0.289,0.032,0.076
83.92,0.289,0.032,0.076
84.422,0.29,0.032,0.076
84.925,0.29,0.033,0.076
85.427,0.291,0.033,0.076
85.93,0.291,0.033,0.075
86.432,0.291,0.033,0.075
86.935,0.291,0.034,0.075
87.437,0.291,0.034,0.075
87.94,0.291,0.034,0.075
88.442,0.291,0.034,0.075
88.945,0.291,0.035,0.075
89.447,0.291,0.035,0.075
89.95,0.291,0.035,0.075
90.452,0.29,0.035,0.075
90.955,0.29,0.036,0.075
91.457,0.29,0.036,0.075
91.96,0.289,0.036,0.075
92.462,0.289,0.036,0.075
92.965,0.288,0.037,0.075
93.467,0.288,0.037,0.075
93.97,0.287,0.037,0.076
94.472,0.287,0.037,0.076
94.975,0.286,0.037,0.076
95.477,0.286,0.037,0.076
95.98,0.285,0.037,0.076
96.482,0.285,0.037,0.076
96.985,0.284,0.037,0.077
97.487,0.284,0.037,0.077
97.99,0.284,0.037,0.077
98.492,0.283,0.037,0.077
98.995,0.283,0.037,0.077
99.497,0.283,0.036,0.077
100.0,0.283,0.036,0.077
